-0.431025,-2.18419,2.58865,-1.08836,-3.1047,1.36982
-0.447578,-2.18106,2.5729,-0.920996,2.99771,1.5226
-0.431025,-2.18419,2.58865,-1.08836,-3.1047,1.36982
-0.447578,-2.18106,2.5729,-0.920996,2.99771,1.5226
-0.431025,-2.18419,2.58865,-1.08836,-3.1047,1.36982
-0.447578,-2.18106,2.5729,-0.920996,2.99771,1.5226
-0.428686,-2.1863,2.58132,-1.1344,-3.05568,1.32591
-0.454215,-2.18155,2.55688,-0.876302,2.94787,1.56165
-0.428686,-2.1863,2.58132,-1.1344,-3.05568,1.32591
-0.454215,-2.18155,2.55688,-0.876302,2.94787,1.56165
-0.427723,-2.18811,2.57315,-1.16686,-3.0211,1.29445
-0.459549,-2.18229,2.54251,-0.845131,2.91251,1.58844
-0.427723,-2.18811,2.57315,-1.16686,-3.0211,1.29445
-0.459549,-2.18229,2.54251,-0.845131,2.91251,1.58844
-0.427723,-2.18811,2.57315,-1.16686,-3.0211,1.29445
-0.459549,-2.18229,2.54251,-0.845131,2.91251,1.58844
2.67242,2.1917,-2.54949,2.05065,-3.11898,1.3444
2.65682,2.18991,-2.53252,2.20666,2.99477,1.48696
-0.427081,-2.18982,2.56426,-1.19433,-2.99172,1.26743
-0.464223,-2.18313,2.52831,-0.818922,2.88236,1.61067
2.67242,2.1917,-2.54949,2.05065,-3.11898,1.3444
2.65682,2.18991,-2.53252,2.20666,2.99477,1.48696
-0.427081,-2.18982,2.56426,-1.19433,-2.99172,1.26743
-0.464223,-2.18313,2.52831,-0.818922,2.88236,1.61067
2.67543,2.19346,-2.5429,2.00292,-3.06806,1.29907
2.65046,2.19066,-2.51566,2.25252,2.94327,1.52729
-0.426371,-2.19151,2.55476,-1.21885,-2.9654,1.24303
-0.468247,-2.18408,2.51401,-0.795676,2.85525,1.63016
2.67543,2.19346,-2.5429,2.00292,-3.06806,1.29907
2.65046,2.19066,-2.51566,2.25252,2.94327,1.52729
-0.426371,-2.19151,2.55476,-1.21885,-2.9654,1.24303
-0.468247,-2.18408,2.51401,-0.795676,2.85525,1.63016
2.67543,2.19346,-2.5429,2.00292,-3.06806,1.29907
2.65046,2.19066,-2.51566,2.25252,2.94327,1.52729
-0.426371,-2.19151,2.55476,-1.21885,-2.9654,1.24303
-0.468247,-2.18408,2.51401,-0.795676,2.85525,1.63016
2.67667,2.1948,-2.53566,1.97182,-3.03487,1.26904
2.64562,2.19137,-2.50173,2.28201,2.90957,1.55282
-0.426252,-2.19287,2.54598,-1.23864,-2.94403,1.22311
-0.471945,-2.18489,2.50131,-0.776969,2.83318,1.64566
2.67667,2.1948,-2.53566,1.97182,-3.03487,1.26904
2.64562,2.19137,-2.50173,2.28201,2.90957,1.55282
-0.426252,-2.19287,2.54598,-1.23864,-2.94403,1.22311
-0.471945,-2.18489,2.50131,-0.776969,2.83318,1.64566
2.67749,2.1962,-2.52707,1.94361,-3.00472,1.24147
2.64096,2.19224,-2.48705,2.30848,2.87886,1.57548
-0.426244,-2.19433,2.53616,-1.25846,-2.92249,1.20294
-0.47576,-2.18582,2.48752,-0.758291,2.8109,1.66099
2.67749,2.1962,-2.52707,1.94361,-3.00472,1.24147
2.64096,2.19224,-2.48705,2.30848,2.87886,1.57548
-0.426244,-2.19433,2.53616,-1.25846,-2.92249,1.20294
-0.47576,-2.18582,2.48752,-0.758291,2.8109,1.66099
2.67749,2.1962,-2.52707,1.94361,-3.00472,1.24147
2.64096,2.19224,-2.48705,2.30848,2.87886,1.57548
-0.426244,-2.19433,2.53616,-1.25846,-2.92249,1.20294
-0.47576,-2.18582,2.48752,-0.758291,2.8109,1.66099
2.6783,2.19758,-2.51807,1.91927,-2.97861,1.2174
2.63704,2.19319,-2.47279,2.33114,2.85221,1.59467
-0.42602,-2.1958,2.52622,-1.27669,-2.90258,1.1842
-0.479051,-2.18681,2.47389,-0.741174,2.79024,1.6749
2.6783,2.19758,-2.51807,1.91927,-2.97861,1.2174
2.63704,2.19319,-2.47279,2.33114,2.85221,1.59467
-0.42602,-2.1958,2.52622,-1.27669,-2.90258,1.1842
-0.479051,-2.18681,2.47389,-0.741174,2.79024,1.6749
2.67863,2.19898,-2.50862,1.89715,-2.95479,1.1953
2.63308,2.19421,-2.45853,2.35158,2.82784,1.61181
-0.426144,-2.19727,2.51597,-1.29395,-2.88358,1.16628
-0.482508,-2.18787,2.4601,-0.725,2.77051,1.68792
2.67863,2.19898,-2.50862,1.89715,-2.95479,1.1953
2.63308,2.19421,-2.45853,2.35158,2.82784,1.61181
-0.426144,-2.19727,2.51597,-1.29395,-2.88358,1.16628
-0.482508,-2.18787,2.4601,-0.725,2.77051,1.68792
2.67863,2.19898,-2.50862,1.89715,-2.95479,1.1953
2.63308,2.19421,-2.45853,2.35158,2.82784,1.61181
-0.426144,-2.19727,2.51597,-1.29395,-2.88358,1.16628
-0.482508,-2.18787,2.4601,-0.725,2.77051,1.68792
2.67881,2.20034,-2.49897,1.87713,-2.93312,1.17509
2.62939,2.19526,-2.44452,2.36998,2.80563,1.6271
-0.426314,-2.19873,2.50565,-1.31005,-2.86574,1.1494
-0.485791,-2.18896,2.44645,-0.709939,2.75194,1.69994
2.67881,2.20034,-2.49897,1.87713,-2.93312,1.17509
2.62939,2.19526,-2.44452,2.36998,2.80563,1.6271
-0.426314,-2.19873,2.50565,-1.31005,-2.86574,1.1494
-0.485791,-2.18896,2.44645,-0.709939,2.75194,1.69994
2.67904,2.20164,-2.48913,1.85866,-2.913,1.15625
2.62603,2.19628,-2.43063,2.38689,2.78498,1.64102
-0.426385,-2.20011,2.49523,-1.32524,-2.84877,1.13331
-0.488803,-2.19001,2.43285,-0.695733,2.73426,1.71116
2.67904,2.20164,-2.48913,1.85866,-2.913,1.15625
2.62603,2.19628,-2.43063,2.38689,2.78498,1.64102
-0.426385,-2.20011,2.49523,-1.32524,-2.84877,1.13331
-0.488803,-2.19001,2.43285,-0.695733,2.73426,1.71116
2.67904,2.20164,-2.48913,1.85866,-2.913,1.15625
2.62603,2.19628,-2.43063,2.38689,2.78498,1.64102
-0.426385,-2.20011,2.49523,-1.32524,-2.84877,1.13331
-0.488803,-2.19001,2.43285,-0.695733,2.73426,1.71116
2.67872,2.20275,-2.48025,1.84329,-2.89617,1.14044
2.62273,2.19717,-2.41838,2.40091,2.76767,1.65248
-0.426924,-2.2013,2.48589,-1.33808,-2.83432,1.11958
-0.491834,-2.19092,2.42079,-0.68373,2.71918,1.72057
2.67872,2.20275,-2.48025,1.84329,-2.89617,1.14044
2.62273,2.19717,-2.41838,2.40091,2.76767,1.65248
-0.426924,-2.2013,2.48589,-1.33808,-2.83432,1.11958
-0.491834,-2.19092,2.42079,-0.68373,2.71918,1.72057
2.67862,2.20404,-2.47018,1.82712,-2.87835,1.12366
2.61949,2.19824,-2.40475,2.4156,2.74933,1.6644
-0.42723,-2.20267,2.47536,-1.35178,-2.8188,1.10483
-0.494804,-2.19202,2.40734,-0.670946,2.70297,1.73051
2.67862,2.20404,-2.47018,1.82712,-2.87835,1.12366
2.61949,2.19824,-2.40475,2.4156,2.74933,1.6644
-0.42723,-2.20267,2.47536,-1.35178,-2.8188,1.10483
-0.494804,-2.19202,2.40734,-0.670946,2.70297,1.73051
2.67862,2.20404,-2.47018,1.82712,-2.87835,1.12366
2.61949,2.19824,-2.40475,2.4156,2.74933,1.6644
-0.42723,-2.20267,2.47536,-1.35178,-2.8188,1.10483
-0.494804,-2.19202,2.40734,-0.670946,2.70297,1.73051
2.67841,2.2053,-2.46028,1.81223,-2.86185,1.10807
2.61638,2.19931,-2.39155,2.4291,2.73232,1.67527
-0.427619,-2.204,2.46505,-1.36452,-2.80424,1.09096
-0.49768,-2.19312,2.39429,-0.659044,2.68775,1.73968
2.67841,2.2053,-2.46028,1.81223,-2.86185,1.10807
2.61638,2.19931,-2.39155,2.4291,2.73232,1.67527
-0.427619,-2.204,2.46505,-1.36452,-2.80424,1.09096
-0.49768,-2.19312,2.39429,-0.659044,2.68775,1.73968
2.67831,2.20656,-2.44971,1.79734,-2.84523,1.09235
2.61338,2.20039,-2.37768,2.44257,2.71517,1.68603
-0.427877,-2.20535,2.45409,-1.37737,-2.78943,1.07685
-0.500456,-2.19423,2.38054,-0.647027,2.67224,1.74886
2.67831,2.20656,-2.44971,1.79734,-2.84523,1.09235
2.61338,2.20039,-2.37768,2.44257,2.71517,1.68603
-0.427877,-2.20535,2.45409,-1.37737,-2.78943,1.07685
-0.500456,-2.19423,2.38054,-0.647027,2.67224,1.74886
2.67831,2.20656,-2.44971,1.79734,-2.84523,1.09235
2.61338,2.20039,-2.37768,2.44257,2.71517,1.68603
-0.427877,-2.20535,2.45409,-1.37737,-2.78943,1.07685
-0.500456,-2.19423,2.38054,-0.647027,2.67224,1.74886
2.67815,2.20757,-2.44061,1.78523,-2.83161,1.07945
2.61085,2.20126,-2.36587,2.45352,2.70109,1.69471
-0.428156,-2.20642,2.44468,-1.38789,-2.7772,1.06517
-0.502806,-2.19513,2.36881,-0.637158,2.6594,1.75634
2.67815,2.20757,-2.44061,1.78523,-2.83161,1.07945
2.61085,2.20126,-2.36587,2.45352,2.70109,1.69471
-0.428156,-2.20642,2.44468,-1.38789,-2.7772,1.06517
-0.502806,-2.19513,2.36881,-0.637158,2.6594,1.75634
2.67785,2.20865,-2.43072,1.77269,-2.8174,1.06597
2.60808,2.2022,-2.35317,2.46487,2.68639,1.70363
-0.428571,-2.20757,2.43448,-1.39886,-2.76434,1.05289
-0.505388,-2.19609,2.35618,-0.626858,2.64591,1.76407
2.67785,2.20865,-2.43072,1.77269,-2.8174,1.06597
2.60808,2.2022,-2.35317,2.46487,2.68639,1.70363
-0.428571,-2.20757,2.43448,-1.39886,-2.76434,1.05289
-0.505388,-2.19609,2.35618,-0.626858,2.64591,1.76407
2.67785,2.20865,-2.43072,1.77269,-2.8174,1.06597
2.60808,2.2022,-2.35317,2.46487,2.68639,1.70363
-0.428571,-2.20757,2.43448,-1.39886,-2.76434,1.05289
-0.505388,-2.19609,2.35618,-0.626858,2.64591,1.76407
2.67745,2.20965,-2.42113,1.76109,-2.80417,1.0534
2.6054,2.20308,-2.34096,2.47536,2.67268,1.71183
-0.429068,-2.20863,2.4246,-1.40905,-2.75229,1.04137
-0.507907,-2.197,2.34403,-0.617258,2.63324,1.77121
2.67745,2.20965,-2.42113,1.76109,-2.80417,1.0534
2.6054,2.20308,-2.34096,2.47536,2.67268,1.71183
-0.429068,-2.20863,2.4246,-1.40905,-2.75229,1.04137
-0.507907,-2.197,2.34403,-0.617258,2.63324,1.77121
2.67691,2.21063,-2.41118,1.74962,-2.79098,1.04086
2.60259,2.20395,-2.32842,2.48573,2.659,1.71988
-0.429695,-2.20968,2.41439,-1.41917,-2.74022,1.02983
-0.510553,-2.19789,2.33153,-0.607707,2.62054,1.77827
2.67691,2.21063,-2.41118,1.74962,-2.79098,1.04086
2.60259,2.20395,-2.32842,2.48573,2.659,1.71988
-0.429695,-2.20968,2.41439,-1.41917,-2.74022,1.02983
-0.510553,-2.19789,2.33153,-0.607707,2.62054,1.77827
2.67691,2.21063,-2.41118,1.74962,-2.79098,1.04086
2.60259,2.20395,-2.32842,2.48573,2.659,1.71988
-0.429695,-2.20968,2.41439,-1.41917,-2.74022,1.02983
-0.510553,-2.19789,2.33153,-0.607707,2.62054,1.77827
2.67617,2.21147,-2.40204,1.73949,-2.77925,1.0297
2.59983,2.20469,-2.31698,2.49489,2.64681,1.72695
-0.430514,-2.21058,2.40502,-1.42813,-2.72943,1.01951
-0.513169,-2.19866,2.32012,-0.59922,2.60918,1.78449
2.67617,2.21147,-2.40204,1.73949,-2.77925,1.0297
2.59983,2.20469,-2.31698,2.49489,2.64681,1.72695
-0.430514,-2.21058,2.40502,-1.42813,-2.72943,1.01951
-0.513169,-2.19866,2.32012,-0.59922,2.60918,1.78449
2.67555,2.21239,-2.39247,1.72927,-2.76733,1.01835
2.59717,2.20551,-2.30507,2.50415,2.63442,1.73403
-0.431199,-2.21156,2.39522,-1.4372,-2.71843,1.00898
-0.515683,-2.19951,2.30824,-0.590604,2.59757,1.79075
2.67555,2.21239,-2.39247,1.72927,-2.76733,1.01835
2.59717,2.20551,-2.30507,2.50415,2.63442,1.73403
-0.431199,-2.21156,2.39522,-1.4372,-2.71843,1.00898
-0.515683,-2.19951,2.30824,-0.590604,2.59757,1.79075
2.67555,2.21239,-2.39247,1.72927,-2.76733,1.01835
2.59717,2.20551,-2.30507,2.50415,2.63442,1.73403
-0.431199,-2.21156,2.39522,-1.4372,-2.71843,1.00898
-0.515683,-2.19951,2.30824,-0.590604,2.59757,1.79075
2.67458,2.2133,-2.3831,1.71964,-2.75602,1.00758
2.59428,2.20633,-2.2935,2.51287,2.62265,1.74067
-0.432223,-2.21252,2.38564,-1.44578,-2.70794,0.99895
-0.518446,-2.20036,2.29667,-0.582454,2.58651,1.79664
2.67458,2.2133,-2.3831,1.71964,-2.75602,1.00758
2.59428,2.20633,-2.2935,2.51287,2.62265,1.74067
-0.432223,-2.21252,2.38564,-1.44578,-2.70794,0.99895
-0.518446,-2.20036,2.29667,-0.582454,2.58651,1.79664
2.67335,2.21407,-2.37461,1.71118,-2.74601,0.998039
2.59134,2.20703,-2.28306,2.52054,2.61222,1.74648
-0.433505,-2.21333,2.37697,-1.45333,-2.69864,0.990038
-0.521267,-2.20108,2.28624,-0.575249,2.57668,1.80179
2.67335,2.21407,-2.37461,1.71118,-2.74601,0.998039
2.59134,2.20703,-2.28306,2.52054,2.61222,1.74648
-0.433505,-2.21333,2.37697,-1.45333,-2.69864,0.990038
-0.521267,-2.20108,2.28624,-0.575249,2.57668,1.80179
2.67335,2.21407,-2.37461,1.71118,-2.74601,0.998039
2.59134,2.20703,-2.28306,2.52054,2.61222,1.74648
-0.433505,-2.21333,2.37697,-1.45333,-2.69864,0.990038
-0.521267,-2.20108,2.28624,-0.575249,2.57668,1.80179
2.67204,2.21486,-2.36529,1.70222,-2.73532,0.987846
2.58821,2.20775,-2.27166,2.52869,2.60107,1.7526
-0.434855,-2.21417,2.36746,-1.46133,-2.68867,0.980491
-0.524262,-2.20182,2.27485,-0.567565,2.56614,1.80725
2.67204,2.21486,-2.36529,1.70222,-2.73532,0.987846
2.58821,2.20775,-2.27166,2.52869,2.60107,1.7526
-0.434855,-2.21417,2.36746,-1.46133,-2.68867,0.980491
-0.524262,-2.20182,2.27485,-0.567565,2.56614,1.80725
2.67076,2.21561,-2.35587,1.69346,-2.72479,0.977793
2.58514,2.20843,-2.2602,2.53669,2.59007,1.75857
-0.436183,-2.21498,2.35786,-1.46917,-2.67882,0.971051
-0.527211,-2.20252,2.26339,-0.560002,2.55571,1.81257
2.67076,2.21561,-2.35587,1.69346,-2.72479,0.977793
2.58514,2.20843,-2.2602,2.53669,2.59007,1.75857
-0.436183,-2.21498,2.35786,-1.46917,-2.67882,0.971051
-0.527211,-2.20252,2.26339,-0.560002,2.55571,1.81257
2.67076,2.21561,-2.35587,1.69346,-2.72479,0.977793
2.58514,2.20843,-2.2602,2.53669,2.59007,1.75857
-0.436183,-2.21498,2.35786,-1.46917,-2.67882,0.971051
-0.527211,-2.20252,2.26339,-0.560002,2.55571,1.81257
2.66921,2.21625,-2.34787,1.68621,-2.71602,0.969429
2.58211,2.20901,-2.25051,2.5433,2.5809,1.76348
-0.437762,-2.21566,2.34972,-1.47566,-2.6706,0.963178
-0.530139,-2.20313,2.25369,-0.553725,2.547,1.81696
2.66921,2.21625,-2.34787,1.68621,-2.71602,0.969429
2.58211,2.20901,-2.25051,2.5433,2.5809,1.76348
-0.437762,-2.21566,2.34972,-1.47566,-2.6706,0.963178
-0.530139,-2.20313,2.25369,-0.553725,2.547,1.81696
2.66796,2.21693,-2.33931,1.67868,-2.70684,0.960675
2.5793,2.20963,-2.24019,2.55019,2.5713,1.76857
-0.439044,-2.21637,2.34102,-1.48242,-2.66199,0.954923
-0.532835,-2.20377,2.24336,-0.54717,2.53786,1.82152
2.66796,2.21693,-2.33931,1.67868,-2.70684,0.960675
2.5793,2.20963,-2.24019,2.55019,2.5713,1.76857
-0.439044,-2.21637,2.34102,-1.48242,-2.66199,0.954923
-0.532835,-2.20377,2.24336,-0.54717,2.53786,1.82152
2.66796,2.21693,-2.33931,1.67868,-2.70684,0.960675
2.5793,2.20963,-2.24019,2.55019,2.5713,1.76857
-0.439044,-2.21637,2.34102,-1.48242,-2.66199,0.954923
-0.532835,-2.20377,2.24336,-0.54717,2.53786,1.82152
2.66654,2.21756,-2.33081,1.67137,-2.69788,0.952115
2.57638,2.2102,-2.22997,2.55689,2.5619,1.77349
-0.440483,-2.21704,2.33237,-1.48898,-2.65355,0.946835
-0.535657,-2.20437,2.23312,-0.540779,2.5289,1.82593
2.66654,2.21756,-2.33081,1.67137,-2.69788,0.952115
2.57638,2.2102,-2.22997,2.55689,2.5619,1.77349
-0.440483,-2.21704,2.33237,-1.48898,-2.65355,0.946835
-0.535657,-2.20437,2.23312,-0.540779,2.5289,1.82593
2.66502,2.21811,-2.32301,1.66487,-2.68983,0.944434
2.5735,2.21071,-2.22063,2.56288,2.55346,1.77785
-0.442025,-2.21763,2.32445,-1.49482,-2.64597,0.939564
-0.53844,-2.2049,2.22377,-0.53505,2.52084,1.82985
2.66502,2.21811,-2.32301,1.66487,-2.68983,0.944434
2.5735,2.21071,-2.22063,2.56288,2.55346,1.77785
-0.442025,-2.21763,2.32445,-1.49482,-2.64597,0.939564
-0.53844,-2.2049,2.22377,-0.53505,2.52084,1.82985
2.66502,2.21811,-2.32301,1.66487,-2.68983,0.944434
2.5735,2.21071,-2.22063,2.56288,2.55346,1.77785
-0.442025,-2.21763,2.32445,-1.49482,-2.64597,0.939564
-0.53844,-2.2049,2.22377,-0.53505,2.52084,1.82985
2.66335,2.21872,-2.31485,1.65821,-2.68154,0.936519
2.57042,2.21127,-2.21088,2.56903,2.54475,1.78232
-0.44372,-2.21828,2.31617,-1.50081,-2.63814,0.932062
-0.541417,-2.20548,2.21401,-0.529155,2.51251,1.83386
2.66335,2.21872,-2.31485,1.65821,-2.68154,0.936519
2.57042,2.21127,-2.21088,2.56903,2.54475,1.78232
-0.44372,-2.21828,2.31617,-1.50081,-2.63814,0.932062
-0.541417,-2.20548,2.21401,-0.529155,2.51251,1.83386
2.66151,2.21932,-2.30704,1.65197,-2.67373,0.929071
2.56726,2.21182,-2.20158,2.57478,2.53655,1.78648
-0.445573,-2.21891,2.30825,-1.50642,-2.63075,0.924991
-0.544479,-2.20605,2.20469,-0.523625,2.50464,1.83761
2.66151,2.21932,-2.30704,1.65197,-2.67373,0.929071
2.56726,2.21182,-2.20158,2.57478,2.53655,1.78648
-0.445573,-2.21891,2.30825,-1.50642,-2.63075,0.924991
-0.544479,-2.20605,2.20469,-0.523625,2.50464,1.83761
2.66151,2.21932,-2.30704,1.65197,-2.67373,0.929071
2.56726,2.21182,-2.20158,2.57478,2.53655,1.78648
-0.445573,-2.21891,2.30825,-1.50642,-2.63075,0.924991
-0.544479,-2.20605,2.20469,-0.523625,2.50464,1.83761
2.65961,2.21989,-2.29932,1.64592,-2.6661,0.921798
2.56408,2.21235,-2.19242,2.58038,2.52853,1.79051
-0.44748,-2.21951,2.30042,-1.51187,-2.62354,0.918077
-0.547566,-2.2066,2.19551,-0.518235,2.49695,1.84123
2.65961,2.21989,-2.29932,1.64592,-2.6661,0.921798
2.56408,2.21235,-2.19242,2.58038,2.52853,1.79051
-0.44748,-2.21951,2.30042,-1.51187,-2.62354,0.918077
-0.547566,-2.2066,2.19551,-0.518235,2.49695,1.84123
2.65765,2.22042,-2.29161,1.64006,-2.65864,0.914683
2.56086,2.21284,-2.18329,2.58585,2.52067,1.79442
-0.449454,-2.22008,2.29261,-1.51715,-2.61646,0.911303
-0.550696,-2.20711,2.18636,-0.512959,2.48941,1.84475
2.65765,2.22042,-2.29161,1.64006,-2.65864,0.914683
2.56086,2.21284,-2.18329,2.58585,2.52067,1.79442
-0.449454,-2.22008,2.29261,-1.51715,-2.61646,0.911303
-0.550696,-2.20711,2.18636,-0.512959,2.48941,1.84475
2.65765,2.22042,-2.29161,1.64006,-2.65864,0.914683
2.56086,2.21284,-2.18329,2.58585,2.52067,1.79442
-0.449454,-2.22008,2.29261,-1.51715,-2.61646,0.911303
-0.550696,-2.20711,2.18636,-0.512959,2.48941,1.84475
2.65546,2.22087,-2.28476,1.63492,-2.65206,0.908431
2.55757,2.21326,-2.1752,2.59065,2.51373,1.79785
-0.451644,-2.22056,2.28568,-1.52177,-2.61022,0.905345
-0.553905,-2.20755,2.17825,-0.508318,2.48274,1.84785
2.65546,2.22087,-2.28476,1.63492,-2.65206,0.908431
2.55757,2.21326,-2.1752,2.59065,2.51373,1.79785
-0.451644,-2.22056,2.28568,-1.52177,-2.61022,0.905345
-0.553905,-2.20755,2.17825,-0.508318,2.48274,1.84785
2.65351,2.22133,-2.27769,1.62974,-2.64536,0.902087
2.55448,2.21368,-2.16686,2.59556,2.50666,1.80135
-0.453606,-2.22105,2.27852,-1.52644,-2.60386,0.899292
-0.556905,-2.20799,2.16989,-0.503571,2.47593,1.85101
2.65351,2.22133,-2.27769,1.62974,-2.64536,0.902087
2.55448,2.21368,-2.16686,2.59556,2.50666,1.80135
-0.453606,-2.22105,2.27852,-1.52644,-2.60386,0.899292
-0.556905,-2.20799,2.16989,-0.503571,2.47593,1.85101
2.65351,2.22133,-2.27769,1.62974,-2.64536,0.902087
2.55448,2.21368,-2.16686,2.59556,2.50666,1.80135
-0.453606,-2.22105,2.27852,-1.52644,-2.60386,0.899292
-0.556905,-2.20799,2.16989,-0.503571,2.47593,1.85101
2.65105,2.22176,-2.27082,1.62481,-2.63891,0.896044
2.55094,2.21407,-2.15876,2.60029,2.49984,1.80476
-0.45607,-2.2215,2.27157,-1.53088,-2.59772,0.893523
-0.560368,-2.2084,2.16177,-0.498982,2.46936,1.85409
2.65105,2.22176,-2.27082,1.62481,-2.63891,0.896044
2.55094,2.21407,-2.15876,2.60029,2.49984,1.80476
-0.45607,-2.2215,2.27157,-1.53088,-2.59772,0.893523
-0.560368,-2.2084,2.16177,-0.498982,2.46936,1.85409
2.64841,2.22215,-2.26423,1.62017,-2.63279,0.890307
2.54727,2.21443,-2.15101,2.60477,2.49336,1.80796
-0.458711,-2.22192,2.2649,-1.53506,-2.5919,0.88804
-0.563956,-2.20878,2.154,-0.494623,2.46311,1.85699
2.64841,2.22215,-2.26423,1.62017,-2.63279,0.890307
2.54727,2.21443,-2.15101,2.60477,2.49336,1.80796
-0.458711,-2.22192,2.2649,-1.53506,-2.5919,0.88804
-0.563956,-2.20878,2.154,-0.494623,2.46311,1.85699
2.64841,2.22215,-2.26423,1.62017,-2.63279,0.890307
2.54727,2.21443,-2.15101,2.60477,2.49336,1.80796
-0.458711,-2.22192,2.2649,-1.53506,-2.5919,0.88804
-0.563956,-2.20878,2.154,-0.494623,2.46311,1.85699
2.64601,2.22254,-2.25764,1.61558,-2.62672,0.884616
2.54385,2.21478,-2.14327,2.6092,2.48692,1.81113
-0.461109,-2.22233,2.25824,-1.53919,-2.58611,0.882596
-0.567295,-2.20915,2.14624,-0.490314,2.45691,1.85985
2.64601,2.22254,-2.25764,1.61558,-2.62672,0.884616
2.54385,2.21478,-2.14327,2.6092,2.48692,1.81113
-0.461109,-2.22233,2.25824,-1.53919,-2.58611,0.882596
-0.567295,-2.20915,2.14624,-0.490314,2.45691,1.85985
2.6429,2.22285,-2.25177,1.6116,-2.62137,0.879658
2.53985,2.21506,-2.13638,2.61313,2.48124,1.81395
-0.464215,-2.22266,2.2523,-1.54277,-2.58101,0.877849
-0.571229,-2.20945,2.13933,-0.486482,2.45142,1.86241
2.6429,2.22285,-2.25177,1.6116,-2.62137,0.879658
2.53985,2.21506,-2.13638,2.61313,2.48124,1.81395
-0.464215,-2.22266,2.2523,-1.54277,-2.58101,0.877849
-0.571229,-2.20945,2.13933,-0.486482,2.45142,1.86241
2.6429,2.22285,-2.25177,1.6116,-2.62137,0.879658
2.53985,2.21506,-2.13638,2.61313,2.48124,1.81395
-0.464215,-2.22266,2.2523,-1.54277,-2.58101,0.877849
-0.571229,-2.20945,2.13933,-0.486482,2.45142,1.86241
2.64016,2.22316,-2.2454,1.60732,-2.61555,0.874349
2.53614,2.21535,-2.12889,2.61743,2.47505,1.81708
-0.466954,-2.223,2.24586,-1.54662,-2.57545,0.872765
-0.574867,-2.20975,2.13182,-0.482286,2.44544,1.86526
2.64016,2.22316,-2.2454,1.60732,-2.61555,0.874349
2.53614,2.21535,-2.12889,2.61743,2.47505,1.81708
-0.466954,-2.223,2.24586,-1.54662,-2.57545,0.872765
-0.574867,-2.20975,2.13182,-0.482286,2.44544,1.86526
2.63693,2.22345,-2.23937,1.60337,-2.61012,0.869411
2.53199,2.21561,-2.12182,2.62144,2.46927,1.82
-0.470186,-2.22331,2.23977,-1.55017,-2.57027,0.868032
-0.578937,-2.21002,2.12473,-0.478364,2.43985,1.86791
2.63693,2.22345,-2.23937,1.60337,-2.61012,0.869411
2.53199,2.21561,-2.12182,2.62144,2.46927,1.82
-0.470186,-2.22331,2.23977,-1.55017,-2.57027,0.868032
-0.578937,-2.21002,2.12473,-0.478364,2.43985,1.86791
2.63693,2.22345,-2.23937,1.60337,-2.61012,0.869411
2.53199,2.21561,-2.12182,2.62144,2.46927,1.82
-0.470186,-2.22331,2.23977,-1.55017,-2.57027,0.868032
-0.578937,-2.21002,2.12473,-0.478364,2.43985,1.86791
2.63376,2.22369,-2.23413,1.59999,-2.60544,0.865163
2.52805,2.21582,-2.11569,2.62489,2.46429,1.8225
-0.473349,-2.22357,2.23449,-1.55322,-2.5658,0.863957
-0.582822,-2.21025,2.11858,-0.474988,2.43502,1.87019
2.63376,2.22369,-2.23413,1.59999,-2.60544,0.865163
2.52805,2.21582,-2.11569,2.62489,2.46429,1.8225
-0.473349,-2.22357,2.23449,-1.55322,-2.5658,0.863957
-0.582822,-2.21025,2.11858,-0.474988,2.43502,1.87019
2.63096,2.22395,-2.22843,1.59634,-2.60037,0.860568
2.52439,2.21605,-2.10902,2.62863,2.45888,1.82521
-0.47615,-2.22384,2.22873,-1.5565,-2.56095,0.859546
-0.586407,-2.21049,2.1119,-0.471328,2.42979,1.87266
2.63096,2.22395,-2.22843,1.59634,-2.60037,0.860568
2.52439,2.21605,-2.10902,2.62863,2.45888,1.82521
-0.47615,-2.22384,2.22873,-1.5565,-2.56095,0.859546
-0.586407,-2.21049,2.1119,-0.471328,2.42979,1.87266
2.63096,2.22395,-2.22843,1.59634,-2.60037,0.860568
2.52439,2.21605,-2.10902,2.62863,2.45888,1.82521
-0.47615,-2.22384,2.22873,-1.5565,-2.56095,0.859546
-0.586407,-2.21049,2.1119,-0.471328,2.42979,1.87266
2.62759,2.22417,-2.2229,1.59287,-2.59547,0.856207
2.52021,2.21624,-2.10254,2.63228,2.45364,1.8279
-0.479509,-2.22408,2.22314,-1.55961,-2.55626,0.855359
-0.590521,-2.2107,2.10539,-0.467751,2.42471,1.87511
2.62759,2.22417,-2.2229,1.59287,-2.59547,0.856207
2.52021,2.21624,-2.10254,2.63228,2.45364,1.8279
-0.479509,-2.22408,2.22314,-1.55961,-2.55626,0.855359
-0.590521,-2.2107,2.10539,-0.467751,2.42471,1.87511
2.62466,2.22438,-2.21737,1.58944,-2.5906,0.851866
2.51647,2.21643,-2.09608,2.6359,2.44843,1.83055
-0.482438,-2.22431,2.21757,-1.5627,-2.55159,0.851188
-0.594202,-2.2109,2.09891,-0.464203,2.41965,1.87753
2.62466,2.22438,-2.21737,1.58944,-2.5906,0.851866
2.51647,2.21643,-2.09608,2.6359,2.44843,1.83055
-0.482438,-2.22431,2.21757,-1.5627,-2.55159,0.851188
-0.594202,-2.2109,2.09891,-0.464203,2.41965,1.87753
2.62466,2.22438,-2.21737,1.58944,-2.5906,0.851866
2.51647,2.21643,-2.09608,2.6359,2.44843,1.83055
-0.482438,-2.22431,2.21757,-1.5627,-2.55159,0.851188
-0.594202,-2.2109,2.09891,-0.464203,2.41965,1.87753
2.62118,2.22454,-2.21262,1.58656,-2.58644,0.848233
2.5123,2.21656,-2.09052,2.63901,2.44397,1.83287
-0.485908,-2.22448,2.21278,-1.56528,-2.54761,0.847696
-0.598311,-2.21105,2.09333,-0.461138,2.41533,1.87965
2.62118,2.22454,-2.21262,1.58656,-2.58644,0.848233
2.5123,2.21656,-2.09052,2.63901,2.44397,1.83287
-0.485908,-2.22448,2.21278,-1.56528,-2.54761,0.847696
-0.598311,-2.21105,2.09333,-0.461138,2.41533,1.87965
2.61794,2.22472,-2.20745,1.58345,-2.58196,0.844268
2.50831,2.21671,-2.08449,2.64234,2.43916,1.83532
-0.489138,-2.22468,2.20757,-1.56807,-2.54331,0.843882
-0.602233,-2.21122,2.08728,-0.457869,2.41067,1.88189
2.61794,2.22472,-2.20745,1.58345,-2.58196,0.844268
2.50831,2.21671,-2.08449,2.64234,2.43916,1.83532
-0.489138,-2.22468,2.20757,-1.56807,-2.54331,0.843882
-0.602233,-2.21122,2.08728,-0.457869,2.41067,1.88189
2.61794,2.22472,-2.20745,1.58345,-2.58196,0.844268
2.50831,2.21671,-2.08449,2.64234,2.43916,1.83532
-0.489138,-2.22468,2.20757,-1.56807,-2.54331,0.843882
-0.602233,-2.21122,2.08728,-0.457869,2.41067,1.88189
2.61456,2.22487,-2.20271,1.58063,-2.57784,0.840688
2.50424,2.21684,-2.07895,2.64542,2.43474,1.83762
-0.492519,-2.22484,2.20278,-1.5706,-2.53936,0.840437
-0.606248,-2.21135,2.08172,-0.45483,2.40637,1.88399
2.61456,2.22487,-2.20271,1.58063,-2.57784,0.840688
2.50424,2.21684,-2.07895,2.64542,2.43474,1.83762
-0.492519,-2.22484,2.20278,-1.5706,-2.53936,0.840437
-0.606248,-2.21135,2.08172,-0.45483,2.40637,1.88399
2.6113,2.22498,-2.19819,1.578,-2.57391,0.837372
2.50034,2.21693,-2.07366,2.64842,2.4305,1.83991
-0.495764,-2.22497,2.19823,-1.57295,-2.53558,0.837246
-0.610094,-2.21145,2.07641,-0.451874,2.40225,1.8861
2.6113,2.22498,-2.19819,1.578,-2.57391,0.837372
2.50034,2.21693,-2.07366,2.64842,2.4305,1.83991
-0.495764,-2.22497,2.19823,-1.57295,-2.53558,0.837246
-0.610094,-2.21145,2.07641,-0.451874,2.40225,1.8861
2.6113,2.22498,-2.19819,1.578,-2.57391,0.837372
2.50034,2.21693,-2.07366,2.64842,2.4305,1.83991
-0.495764,-2.22497,2.19823,-1.57295,-2.53558,0.837246
-0.610094,-2.21145,2.07641,-0.451874,2.40225,1.8861
2.60771,2.22507,-2.19418,1.57569,-2.57042,0.834469
2.49618,2.21699,-2.06896,2.6511,2.42673,1.84197
-0.499348,-2.22507,2.19419,-1.57502,-2.53223,0.834453
-0.61421,-2.21153,2.0717,-0.449234,2.39859,1.888
2.60771,2.22507,-2.19418,1.57569,-2.57042,0.834469
2.49618,2.21699,-2.06896,2.6511,2.42673,1.84197
-0.499348,-2.22507,2.19419,-1.57502,-2.53223,0.834453
-0.61421,-2.21153,2.0717,-0.449234,2.39859,1.888
2.60375,2.22514,-2.18979,1.57321,-2.56657,0.831376
2.49158,2.21704,-2.0638,2.6541,2.42257,1.84435
-0.503304,-2.22515,2.18976,-1.57725,-2.52853,0.831476
-0.618749,-2.21158,2.06652,-0.446271,2.39454,1.8902
2.60375,2.22514,-2.18979,1.57321,-2.56657,0.831376
2.49158,2.21704,-2.0638,2.6541,2.42257,1.84435
-0.503304,-2.22515,2.18976,-1.57725,-2.52853,0.831476
-0.618749,-2.21158,2.06652,-0.446271,2.39454,1.8902
2.60375,2.22514,-2.18979,1.57321,-2.56657,0.831376
2.49158,2.21704,-2.0638,2.6541,2.42257,1.84435
-0.503304,-2.22515,2.18976,-1.57725,-2.52853,0.831476
-0.618749,-2.21158,2.06652,-0.446271,2.39454,1.8902
2.59993,2.22517,-2.18604,1.57113,-2.56325,0.828834
2.48722,2.21705,-2.05937,2.65674,2.41897,1.8465
-0.507121,-2.22519,2.18598,-1.5791,-2.52534,0.82903
-0.623063,-2.2116,2.06208,-0.443662,2.39104,1.8922
2.59993,2.22517,-2.18604,1.57113,-2.56325,0.828834
2.48722,2.21705,-2.05937,2.65674,2.41897,1.8465
-0.507121,-2.22519,2.18598,-1.5791,-2.52534,0.82903
-0.623063,-2.2116,2.06208,-0.443662,2.39104,1.8922
2.59563,2.22517,-2.18211,1.56901,-2.55976,0.826274
2.48236,2.21702,-2.05472,2.65958,2.41518,1.84888
-0.51141,-2.22521,2.18203,-1.58099,-2.52197,0.826567
-0.627871,-2.21159,2.05741,-0.440852,2.38734,1.89442
2.59563,2.22517,-2.18211,1.56901,-2.55976,0.826274
2.48236,2.21702,-2.05472,2.65958,2.41518,1.84888
-0.51141,-2.22521,2.18203,-1.58099,-2.52197,0.826567
-0.627871,-2.21159,2.05741,-0.440852,2.38734,1.89442
2.59563,2.22517,-2.18211,1.56901,-2.55976,0.826274
2.48236,2.21702,-2.05472,2.65958,2.41518,1.84888
-0.51141,-2.22521,2.18203,-1.58099,-2.52197,0.826567
-0.627871,-2.21159,2.05741,-0.440852,2.38734,1.89442
2.59142,2.22517,-2.17829,1.56696,-2.55637,0.823796
2.47761,2.217,-2.0502,2.66234,2.41148,1.8512
-0.515607,-2.22521,2.17818,-1.58282,-2.51871,0.824182
-0.632571,-2.21158,2.05287,-0.438119,2.38374,1.89658
2.59142,2.22517,-2.17829,1.56696,-2.55637,0.823796
2.47761,2.217,-2.0502,2.66234,2.41148,1.8512
-0.515607,-2.22521,2.17818,-1.58282,-2.51871,0.824182
-0.632571,-2.21158,2.05287,-0.438119,2.38374,1.89658
2.58686,2.22513,-2.17478,1.56513,-2.55321,0.821647
2.47255,2.21694,-2.04602,2.665,2.40803,1.85351
-0.520164,-2.22518,2.17464,-1.58445,-2.51566,0.822116
-0.637592,-2.21152,2.04868,-0.43549,2.38037,1.89875
2.58686,2.22513,-2.17478,1.56513,-2.55321,0.821647
2.47255,2.21694,-2.04602,2.665,2.40803,1.85351
-0.520164,-2.22518,2.17464,-1.58445,-2.51566,0.822116
-0.637592,-2.21152,2.04868,-0.43549,2.38037,1.89875
2.58686,2.22513,-2.17478,1.56513,-2.55321,0.821647
2.47255,2.21694,-2.04602,2.665,2.40803,1.85351
-0.520164,-2.22518,2.17464,-1.58445,-2.51566,0.822116
-0.637592,-2.21152,2.04868,-0.43549,2.38037,1.89875
2.58267,2.22508,-2.17178,1.56357,-2.55048,0.819857
2.46793,2.21686,-2.04243,2.66731,2.40504,1.85557
-0.524351,-2.22514,2.17162,-1.58582,-2.51302,0.820395
-0.642175,-2.21146,2.04508,-0.433198,2.37745,1.90067
2.58267,2.22508,-2.17178,1.56357,-2.55048,0.819857
2.46793,2.21686,-2.04243,2.66731,2.40504,1.85557
-0.524351,-2.22514,2.17162,-1.58582,-2.51302,0.820395
-0.642175,-2.21146,2.04508,-0.433198,2.37745,1.90067
2.57791,2.22503,-2.16855,1.56191,-2.54758,0.817918
2.46271,2.21679,-2.03858,2.66975,2.40186,1.85772
-0.529101,-2.2251,2.16837,-1.5873,-2.51021,0.818531
-0.64735,-2.2114,2.04122,-0.430773,2.37434,1.9027
2.57791,2.22503,-2.16855,1.56191,-2.54758,0.817918
2.46271,2.21679,-2.03858,2.66975,2.40186,1.85772
-0.529101,-2.2251,2.16837,-1.5873,-2.51021,0.818531
-0.64735,-2.2114,2.04122,-0.430773,2.37434,1.9027
2.57791,2.22503,-2.16855,1.56191,-2.54758,0.817918
2.46271,2.21679,-2.03858,2.66975,2.40186,1.85772
-0.529101,-2.2251,2.16837,-1.5873,-2.51021,0.818531
-0.64735,-2.2114,2.04122,-0.430773,2.37434,1.9027
2.57298,2.22498,-2.16539,1.5603,-2.54473,0.81605
2.45733,2.21672,-2.03481,2.67217,2.39874,1.85986
-0.534024,-2.22505,2.16519,-1.58872,-2.50746,0.816733
-0.652687,-2.21133,2.03744,-0.428376,2.37129,1.9047
2.57298,2.22498,-2.16539,1.5603,-2.54473,0.81605
2.45733,2.21672,-2.03481,2.67217,2.39874,1.85986
-0.534024,-2.22505,2.16519,-1.58872,-2.50746,0.816733
-0.652687,-2.21133,2.03744,-0.428376,2.37129,1.9047
2.56837,2.22493,-2.16245,1.55882,-2.54209,0.814325
2.45231,2.21664,-2.0313,2.6744,2.39584,1.86183
-0.538624,-2.22501,2.16223,-1.59004,-2.50492,0.815073
-0.657671,-2.21126,2.03392,-0.426162,2.36847,1.90656
2.56837,2.22493,-2.16245,1.55882,-2.54209,0.814325
2.45231,2.21664,-2.0313,2.6744,2.39584,1.86183
-0.538624,-2.22501,2.16223,-1.59004,-2.50492,0.815073
-0.657671,-2.21126,2.03392,-0.426162,2.36847,1.90656
2.56837,2.22493,-2.16245,1.55882,-2.54209,0.814325
2.45231,2.21664,-2.0313,2.6744,2.39584,1.86183
-0.538624,-2.22501,2.16223,-1.59004,-2.50492,0.815073
-0.657671,-2.21126,2.03392,-0.426162,2.36847,1.90656
2.56413,2.22485,-2.15996,1.5576,-2.5398,0.812975
2.44772,2.21654,-2.02831,2.67641,2.39332,1.8637
-0.542858,-2.22494,2.15973,-1.59112,-2.5027,0.813777
-0.662232,-2.21117,2.03092,-0.424161,2.366,1.90832
2.56413,2.22485,-2.15996,1.5576,-2.5398,0.812975
2.44772,2.21654,-2.02831,2.67641,2.39332,1.8637
-0.542858,-2.22494,2.15973,-1.59112,-2.5027,0.813777
-0.662232,-2.21117,2.03092,-0.424161,2.366,1.90832
2.55945,2.22478,-2.1573,1.55628,-2.5374,0.811475
2.44266,2.21646,-2.02514,2.67847,2.39068,1.86556
-0.547535,-2.22488,2.15705,-1.59229,-2.50037,0.812333
-0.667257,-2.21109,2.02773,-0.422124,2.36342,1.91007
2.55945,2.22478,-2.1573,1.55628,-2.5374,0.811475
2.44266,2.21646,-2.02514,2.67847,2.39068,1.86556
-0.547535,-2.22488,2.15705,-1.59229,-2.50037,0.812333
-0.667257,-2.21109,2.02773,-0.422124,2.36342,1.91007
2.55945,2.22478,-2.1573,1.55628,-2.5374,0.811475
2.44266,2.21646,-2.02514,2.67847,2.39068,1.86556
-0.547535,-2.22488,2.15705,-1.59229,-2.50037,0.812333
-0.667257,-2.21109,2.02773,-0.422124,2.36342,1.91007
2.55489,2.2247,-2.15465,1.55498,-2.53497,0.810019
2.43772,2.21636,-2.02195,2.68057,2.38801,1.8675
-0.552084,-2.2248,2.15438,-1.59344,-2.49803,0.810933
-0.672153,-2.211,2.02453,-0.420034,2.36081,1.9119
2.55489,2.2247,-2.15465,1.55498,-2.53497,0.810019
2.43772,2.21636,-2.02195,2.68057,2.38801,1.8675
-0.552084,-2.2248,2.15438,-1.59344,-2.49803,0.810933
-0.672153,-2.211,2.02453,-0.420034,2.36081,1.9119
2.55038,2.22463,-2.15231,1.55385,-2.53285,0.808747
2.43288,2.21627,-2.01915,2.68241,2.38567,1.86918
-0.55659,-2.22474,2.15203,-1.59444,-2.49598,0.80971
-0.676962,-2.21092,2.02172,-0.418208,2.35853,1.91349
2.55038,2.22463,-2.15231,1.55385,-2.53285,0.808747
2.43288,2.21627,-2.01915,2.68241,2.38567,1.86918
-0.55659,-2.22474,2.15203,-1.59444,-2.49598,0.80971
-0.676962,-2.21092,2.02172,-0.418208,2.35853,1.91349
2.55038,2.22463,-2.15231,1.55385,-2.53285,0.808747
2.43288,2.21627,-2.01915,2.68241,2.38567,1.86918
-0.55659,-2.22474,2.15203,-1.59444,-2.49598,0.80971
-0.676962,-2.21092,2.02172,-0.418208,2.35853,1.91349
2.5463,2.22457,-2.15006,1.55276,-2.53084,0.80751
2.42848,2.21619,-2.01646,2.68414,2.38345,1.87076
-0.560669,-2.22468,2.14977,-1.5954,-2.49403,0.808519
-0.681332,-2.21084,2.01903,-0.416487,2.35635,1.91497
2.5463,2.22457,-2.15006,1.55276,-2.53084,0.80751
2.42848,2.21619,-2.01646,2.68414,2.38345,1.87076
-0.560669,-2.22468,2.14977,-1.5954,-2.49403,0.808519
-0.681332,-2.21084,2.01903,-0.416487,2.35635,1.91497
2.54191,2.22449,-2.14792,1.55175,-2.52888,0.806391
2.42379,2.21609,-2.01388,2.68587,2.38129,1.87237
-0.565054,-2.2246,2.14761,-1.59629,-2.49213,0.807442
-0.685995,-2.21075,2.01643,-0.414767,2.35424,1.91649
2.54191,2.22449,-2.14792,1.55175,-2.52888,0.806391
2.42379,2.21609,-2.01388,2.68587,2.38129,1.87237
-0.565054,-2.2246,2.14761,-1.59629,-2.49213,0.807442
-0.685995,-2.21075,2.01643,-0.414767,2.35424,1.91649
2.54191,2.22449,-2.14792,1.55175,-2.52888,0.806391
2.42379,2.21609,-2.01388,2.68587,2.38129,1.87237
-0.565054,-2.2246,2.14761,-1.59629,-2.49213,0.807442
-0.685995,-2.21075,2.01643,-0.414767,2.35424,1.91649
2.53745,2.22441,-2.14606,1.55087,-2.52716,0.805447
2.41908,2.216,-2.01164,2.68739,2.37939,1.87382
-0.569504,-2.22453,2.14574,-1.59707,-2.49047,0.806536
-0.690688,-2.21066,2.01419,-0.413256,2.35238,1.91787
2.53745,2.22441,-2.14606,1.55087,-2.52716,0.805447
2.41908,2.216,-2.01164,2.68739,2.37939,1.87382
-0.569504,-2.22453,2.14574,-1.59707,-2.49047,0.806536
-0.690688,-2.21066,2.01419,-0.413256,2.35238,1.91787
2.53293,2.22433,-2.14402,1.54991,-2.52529,0.804392
2.41427,2.2159,-2.00918,2.68904,2.37732,1.87537
-0.574019,-2.22445,2.14369,-1.59791,-2.48865,0.805521
-0.695468,-2.21057,2.01172,-0.411612,2.35035,1.91933
2.53293,2.22433,-2.14402,1.54991,-2.52529,0.804392
2.41427,2.2159,-2.00918,2.68904,2.37732,1.87537
-0.574019,-2.22445,2.14369,-1.59791,-2.48865,0.805521
-0.695468,-2.21057,2.01172,-0.411612,2.35035,1.91933
2.53293,2.22433,-2.14402,1.54991,-2.52529,0.804392
2.41427,2.2159,-2.00918,2.68904,2.37732,1.87537
-0.574019,-2.22445,2.14369,-1.59791,-2.48865,0.805521
-0.695468,-2.21057,2.01172,-0.411612,2.35035,1.91933
2.52869,2.22426,-2.14218,1.54905,-2.52362,0.803458
2.40978,2.21582,-2.00697,2.69051,2.37547,1.87676
-0.578249,-2.22438,2.14184,-1.59867,-2.48704,0.804622
-0.699935,-2.21049,2.00951,-0.410149,2.34854,1.92064
2.52869,2.22426,-2.14218,1.54905,-2.52362,0.803458
2.40978,2.21582,-2.00697,2.69051,2.37547,1.87676
-0.578249,-2.22438,2.14184,-1.59867,-2.48704,0.804622
-0.699935,-2.21049,2.00951,-0.410149,2.34854,1.92064
2.52387,2.22419,-2.14064,1.54832,-2.52219,0.802673
2.40473,2.21574,-2.00511,2.69177,2.37389,1.87796
-0.583073,-2.22432,2.14029,-1.59931,-2.48565,0.803868
-0.70496,-2.21041,2.00764,-0.408891,2.34699,1.92178
2.52387,2.22419,-2.14064,1.54832,-2.52219,0.802673
2.40473,2.21574,-2.00511,2.69177,2.37389,1.87796
-0.583073,-2.22432,2.14029,-1.59931,-2.48565,0.803868
-0.70496,-2.21041,2.00764,-0.408891,2.34699,1.92178
2.52387,2.22419,-2.14064,1.54832,-2.52219,0.802673
2.40473,2.21574,-2.00511,2.69177,2.37389,1.87796
-0.583073,-2.22432,2.14029,-1.59931,-2.48565,0.803868
-0.70496,-2.21041,2.00764,-0.408891,2.34699,1.92178
2.51918,2.22411,-2.13898,1.54756,-2.52065,0.801872
2.39981,2.21564,-2.0031,2.69316,2.37218,1.87929
-0.587757,-2.22424,2.13862,-1.59998,-2.48416,0.803098
-0.709859,-2.21032,2.00562,-0.407515,2.34532,1.92304
2.51918,2.22411,-2.13898,1.54756,-2.52065,0.801872
2.39981,2.21564,-2.0031,2.69316,2.37218,1.87929
-0.587757,-2.22424,2.13862,-1.59998,-2.48416,0.803098
-0.709859,-2.21032,2.00562,-0.407515,2.34532,1.92304
2.51501,2.22404,-2.13738,1.54683,-2.51921,0.801067
2.39542,2.21556,-2.00119,2.69442,2.37059,1.88048
-0.591916,-2.22418,2.13702,-1.60062,-2.48277,0.802322
-0.714223,-2.21025,2.0037,-0.406254,2.34376,1.92417
2.51501,2.22404,-2.13738,1.54683,-2.51921,0.801067
2.39542,2.21556,-2.00119,2.69442,2.37059,1.88048
-0.591916,-2.22418,2.13702,-1.60062,-2.48277,0.802322
-0.714223,-2.21025,2.0037,-0.406254,2.34376,1.92417
2.51501,2.22404,-2.13738,1.54683,-2.51921,0.801067
2.39542,2.21556,-2.00119,2.69442,2.37059,1.88048
-0.591916,-2.22418,2.13702,-1.60062,-2.48277,0.802322
-0.714223,-2.21025,2.0037,-0.406254,2.34376,1.92417
2.51036,2.22397,-2.13581,1.54611,-2.51778,0.800273
2.39055,2.21548,-1.99929,2.69568,2.36901,1.88167
-0.596566,-2.22412,2.13544,-1.60126,-2.48138,0.801558
-0.719075,-2.21017,2.0018,-0.404998,2.34221,1.92529
2.51036,2.22397,-2.13581,1.54611,-2.51778,0.800273
2.39055,2.21548,-1.99929,2.69568,2.36901,1.88167
-0.596566,-2.22412,2.13544,-1.60126,-2.48138,0.801558
-0.719075,-2.21017,2.0018,-0.404998,2.34221,1.92529
2.50552,2.22391,-2.13449,1.5455,-2.51657,0.799637
2.38552,2.21541,-1.9977,2.69677,2.36766,1.88272
-0.601401,-2.22405,2.13411,-1.60179,-2.4802,0.800947
-0.724081,-2.2101,2.0002,-0.40392,2.34089,1.92628
2.50552,2.22391,-2.13449,1.5455,-2.51657,0.799637
2.38552,2.21541,-1.9977,2.69677,2.36766,1.88272
-0.601401,-2.22405,2.13411,-1.60179,-2.4802,0.800947
-0.724081,-2.2101,2.0002,-0.40392,2.34089,1.92628
2.50552,2.22391,-2.13449,1.5455,-2.51657,0.799637
2.38552,2.21541,-1.9977,2.69677,2.36766,1.88272
-0.601401,-2.22405,2.13411,-1.60179,-2.4802,0.800947
-0.724081,-2.2101,2.0002,-0.40392,2.34089,1.92628
2.50112,2.22384,-2.13316,1.54489,-2.51533,0.798997
2.38093,2.21533,-1.99608,2.69788,2.36628,1.8838
-0.605801,-2.22399,2.13277,-1.60233,-2.479,0.800332
-0.728654,-2.21003,1.99858,-0.40281,2.33954,1.9273
2.50112,2.22384,-2.13316,1.54489,-2.51533,0.798997
2.38093,2.21533,-1.99608,2.69788,2.36628,1.8838
-0.605801,-2.22399,2.13277,-1.60233,-2.479,0.800332
-0.728654,-2.21003,1.99858,-0.40281,2.33954,1.9273
2.49653,2.22377,-2.13186,1.54432,-2.51412,0.798423
2.37616,2.21524,-1.99451,2.69899,2.36493,1.8849
-0.610385,-2.22392,2.13147,-1.60283,-2.47782,0.799781
-0.733406,-2.20994,1.997,-0.401704,2.33822,1.92835
2.49653,2.22377,-2.13186,1.54432,-2.51412,0.798423
2.37616,2.21524,-1.99451,2.69899,2.36493,1.8849
-0.610385,-2.22392,2.13147,-1.60283,-2.47782,0.799781
-0.733406,-2.20994,1.997,-0.401704,2.33822,1.92835
2.49653,2.22377,-2.13186,1.54432,-2.51412,0.798423
2.37616,2.21524,-1.99451,2.69899,2.36493,1.8849
-0.610385,-2.22392,2.13147,-1.60283,-2.47782,0.799781
-0.733406,-2.20994,1.997,-0.401704,2.33822,1.92835
2.49195,2.2237,-2.13059,1.54374,-2.51295,0.797802
2.37141,2.21517,-1.99297,2.70003,2.36364,1.88589
-0.614956,-2.22386,2.13018,-1.60334,-2.47669,0.799182
-0.73814,-2.20987,1.99546,-0.40067,2.33695,1.92929
2.49195,2.2237,-2.13059,1.54374,-2.51295,0.797802
2.37141,2.21517,-1.99297,2.70003,2.36364,1.88589
-0.614956,-2.22386,2.13018,-1.60334,-2.47669,0.799182
-0.73814,-2.20987,1.99546,-0.40067,2.33695,1.92929
2.48754,2.22364,-2.12941,1.54322,-2.51185,0.797269
2.36684,2.21509,-1.99154,2.70103,2.36242,1.88687
-0.619363,-2.22379,2.129,-1.6038,-2.47563,0.798671
-0.7427,-2.2098,1.99402,-0.399675,2.33576,1.93022
2.48754,2.22364,-2.12941,1.54322,-2.51185,0.797269
2.36684,2.21509,-1.99154,2.70103,2.36242,1.88687
-0.619363,-2.22379,2.129,-1.6038,-2.47563,0.798671
-0.7427,-2.2098,1.99402,-0.399675,2.33576,1.93022
2.48754,2.22364,-2.12941,1.54322,-2.51185,0.797269
2.36684,2.21509,-1.99154,2.70103,2.36242,1.88687
-0.619363,-2.22379,2.129,-1.6038,-2.47563,0.798671
-0.7427,-2.2098,1.99402,-0.399675,2.33576,1.93022
2.48346,2.22357,-2.12829,1.54271,-2.5108,0.796759
2.3626,2.21502,-1.99018,2.70198,2.36125,1.88781
-0.623439,-2.22373,2.12787,-1.60424,-2.47461,0.798181
-0.746921,-2.20973,1.99266,-0.398727,2.33461,1.93111
2.48346,2.22357,-2.12829,1.54271,-2.5108,0.796759
2.3626,2.21502,-1.99018,2.70198,2.36125,1.88781
-0.623439,-2.22373,2.12787,-1.60424,-2.47461,0.798181
-0.746921,-2.20973,1.99266,-0.398727,2.33461,1.93111
2.47919,2.22352,-2.12727,1.54227,-2.50986,0.796291
2.35818,2.21495,-1.98895,2.70283,2.3602,1.88864
-0.627713,-2.22368,2.12685,-1.60463,-2.4737,0.797731
-0.751326,-2.20967,1.99142,-0.397879,2.33359,1.9319
2.47919,2.22352,-2.12727,1.54227,-2.50986,0.796291
2.35818,2.21495,-1.98895,2.70283,2.3602,1.88864
-0.627713,-2.22368,2.12685,-1.60463,-2.4737,0.797731
-0.751326,-2.20967,1.99142,-0.397879,2.33359,1.9319
2.47919,2.22352,-2.12727,1.54227,-2.50986,0.796291
2.35818,2.21495,-1.98895,2.70283,2.3602,1.88864
-0.627713,-2.22368,2.12685,-1.60463,-2.4737,0.797731
-0.751326,-2.20967,1.99142,-0.397879,2.33359,1.9319
2.47495,2.22346,-2.12639,1.54189,-2.50903,0.795925
2.35382,2.21489,-1.98788,2.7036,2.35928,1.88942
-0.631948,-2.22362,2.12597,-1.60496,-2.47289,0.79738
-0.755673,-2.2096,1.99035,-0.397108,2.33268,1.93264
2.47495,2.22346,-2.12639,1.54189,-2.50903,0.795925
2.35382,2.21489,-1.98788,2.7036,2.35928,1.88942
-0.631948,-2.22362,2.12597,-1.60496,-2.47289,0.79738
-0.755673,-2.2096,1.99035,-0.397108,2.33268,1.93264
2.4709,2.2234,-2.12545,1.54148,-2.50816,0.795507
2.34964,2.21482,-1.98674,2.70439,2.35831,1.8902
-0.635993,-2.22357,2.12503,-1.60532,-2.47204,0.796978
-0.75984,-2.20954,1.9892,-0.396321,2.33173,1.93338
2.4709,2.2234,-2.12545,1.54148,-2.50816,0.795507
2.34964,2.21482,-1.98674,2.70439,2.35831,1.8902
-0.635993,-2.22357,2.12503,-1.60532,-2.47204,0.796978
-0.75984,-2.20954,1.9892,-0.396321,2.33173,1.93338
2.4709,2.2234,-2.12545,1.54148,-2.50816,0.795507
2.34964,2.21482,-1.98674,2.70439,2.35831,1.8902
-0.635993,-2.22357,2.12503,-1.60532,-2.47204,0.796978
-0.75984,-2.20954,1.9892,-0.396321,2.33173,1.93338
2.46693,2.22335,-2.12452,1.54106,-2.50731,0.795077
2.34554,2.21476,-1.98562,2.70516,2.35735,1.89095
-0.639963,-2.22352,2.12409,-1.60569,-2.47121,0.796564
-0.763928,-2.20948,1.98808,-0.395554,2.33079,1.93409
2.46693,2.22335,-2.12452,1.54106,-2.50731,0.795077
2.34554,2.21476,-1.98562,2.70516,2.35735,1.89095
-0.639963,-2.22352,2.12409,-1.60569,-2.47121,0.796564
-0.763928,-2.20948,1.98808,-0.395554,2.33079,1.93409
2.4628,2.22331,-2.12369,1.54069,-2.50655,0.794679
2.34129,2.21471,-1.98461,2.70584,2.35651,1.8916
-0.644091,-2.22348,2.12325,-1.60601,-2.47048,0.796181
-0.768163,-2.20944,1.98707,-0.394884,2.32997,1.9347
2.4628,2.22331,-2.12369,1.54069,-2.50655,0.794679
2.34129,2.21471,-1.98461,2.70584,2.35651,1.8916
-0.644091,-2.22348,2.12325,-1.60601,-2.47048,0.796181
-0.768163,-2.20944,1.98707,-0.394884,2.32997,1.9347
2.4628,2.22331,-2.12369,1.54069,-2.50655,0.794679
2.34129,2.21471,-1.98461,2.70584,2.35651,1.8916
-0.644091,-2.22348,2.12325,-1.60601,-2.47048,0.796181
-0.768163,-2.20944,1.98707,-0.394884,2.32997,1.9347
2.45916,2.22326,-2.12281,1.5403,-2.50574,0.794264
2.33753,2.21466,-1.98355,2.70656,2.35561,1.89229
-0.647725,-2.22343,2.12237,-1.60636,-2.46969,0.795782
-0.77191,-2.20939,1.986,-0.394164,2.32909,1.93536
2.45916,2.22326,-2.12281,1.5403,-2.50574,0.794264
2.33753,2.21466,-1.98355,2.70656,2.35561,1.89229
-0.647725,-2.22343,2.12237,-1.60636,-2.46969,0.795782
-0.77191,-2.20939,1.986,-0.394164,2.32909,1.93536
2.45502,2.22323,-2.12203,1.53995,-2.50506,0.793857
2.33329,2.21463,-1.98261,2.70714,2.35486,1.89283
-0.65186,-2.2234,2.12158,-1.60667,-2.46903,0.795389
-0.776143,-2.20935,1.98506,-0.393584,2.32835,1.93587
2.45502,2.22323,-2.12203,1.53995,-2.50506,0.793857
2.33329,2.21463,-1.98261,2.70714,2.35486,1.89283
-0.65186,-2.2234,2.12158,-1.60667,-2.46903,0.795389
-0.776143,-2.20935,1.98506,-0.393584,2.32835,1.93587
2.45502,2.22323,-2.12203,1.53995,-2.50506,0.793857
2.33329,2.21463,-1.98261,2.70714,2.35486,1.89283
-0.65186,-2.2234,2.12158,-1.60667,-2.46903,0.795389
-0.776143,-2.20935,1.98506,-0.393584,2.32835,1.93587
2.45108,2.2232,-2.12133,1.53964,-2.50443,0.793531
2.32925,2.21459,-1.98178,2.70771,2.35415,1.89337
-0.6558,-2.22337,2.12088,-1.60693,-2.46842,0.795075
-0.780171,-2.20931,1.98422,-0.393019,2.32766,1.93638
2.45108,2.2232,-2.12133,1.53964,-2.50443,0.793531
2.32925,2.21459,-1.98178,2.70771,2.35415,1.89337
-0.6558,-2.22337,2.12088,-1.60693,-2.46842,0.795075
-0.780171,-2.20931,1.98422,-0.393019,2.32766,1.93638
2.44755,2.22317,-2.12066,1.53932,-2.50383,0.793175
2.32563,2.21456,-1.98098,2.70821,2.35349,1.89384
-0.65933,-2.22335,2.12021,-1.60722,-2.46784,0.794732
-0.783788,-2.20929,1.98343,-0.39252,2.32701,1.93682
2.44755,2.22317,-2.12066,1.53932,-2.50383,0.793175
2.32563,2.21456,-1.98098,2.70821,2.35349,1.89384
-0.65933,-2.22335,2.12021,-1.60722,-2.46784,0.794732
-0.783788,-2.20929,1.98343,-0.39252,2.32701,1.93682
2.44755,2.22317,-2.12066,1.53932,-2.50383,0.793175
2.32563,2.21456,-1.98098,2.70821,2.35349,1.89384
-0.65933,-2.22335,2.12021,-1.60722,-2.46784,0.794732
-0.783788,-2.20929,1.98343,-0.39252,2.32701,1.93682
2.44376,2.22316,-2.11992,1.53899,-2.50322,0.792754
2.32174,2.21453,-1.98011,2.70871,2.35282,1.89426
-0.66311,-2.22333,2.11947,-1.60751,-2.46725,0.794324
-0.787659,-2.20927,1.98255,-0.392023,2.32635,1.93722
2.44376,2.22316,-2.11992,1.53899,-2.50322,0.792754
2.32174,2.21453,-1.98011,2.70871,2.35282,1.89426
-0.66311,-2.22333,2.11947,-1.60751,-2.46725,0.794324
-0.787659,-2.20927,1.98255,-0.392023,2.32635,1.93722
2.43991,2.22313,-2.11928,1.5387,-2.50265,0.792418
2.3178,2.21451,-1.97935,2.70918,2.3522,1.8947
-0.666965,-2.22331,2.11882,-1.60777,-2.46671,0.793999
-0.791594,-2.20924,1.98178,-0.39155,2.32574,1.93763
2.43991,2.22313,-2.11928,1.5387,-2.50265,0.792418
2.3178,2.21451,-1.97935,2.70918,2.3522,1.8947
-0.666965,-2.22331,2.11882,-1.60777,-2.46671,0.793999
-0.791594,-2.20924,1.98178,-0.39155,2.32574,1.93763
2.43991,2.22313,-2.11928,1.5387,-2.50265,0.792418
2.3178,2.21451,-1.97935,2.70918,2.3522,1.8947
-0.666965,-2.22331,2.11882,-1.60777,-2.46671,0.793999
-0.791594,-2.20924,1.98178,-0.39155,2.32574,1.93763
2.43593,2.22311,-2.11868,1.53842,-2.5021,0.792118
2.31374,2.21447,-1.97862,2.70965,2.35159,1.89515
-0.670937,-2.22328,2.11822,-1.60801,-2.46617,0.79371
-0.795645,-2.20921,1.98106,-0.391077,2.32515,1.93806
2.43593,2.22311,-2.11868,1.53842,-2.5021,0.792118
2.31374,2.21447,-1.97862,2.70965,2.35159,1.89515
-0.670937,-2.22328,2.11822,-1.60801,-2.46617,0.79371
-0.795645,-2.20921,1.98106,-0.391077,2.32515,1.93806
2.4321,2.22308,-2.11802,1.53812,-2.50153,0.791781
2.30981,2.21444,-1.97784,2.71014,2.35095,1.8956
-0.674772,-2.22326,2.11756,-1.60827,-2.46562,0.793385
-0.799562,-2.20918,1.98027,-0.390593,2.32453,1.93848
2.4321,2.22308,-2.11802,1.53812,-2.50153,0.791781
2.30981,2.21444,-1.97784,2.71014,2.35095,1.8956
-0.674772,-2.22326,2.11756,-1.60827,-2.46562,0.793385
-0.799562,-2.20918,1.98027,-0.390593,2.32453,1.93848
2.4321,2.22308,-2.11802,1.53812,-2.50153,0.791781
2.30981,2.21444,-1.97784,2.71014,2.35095,1.8956
-0.674772,-2.22326,2.11756,-1.60827,-2.46562,0.793385
-0.799562,-2.20918,1.98027,-0.390593,2.32453,1.93848
2.42877,2.22306,-2.11752,1.5379,-2.50109,0.791521
2.30642,2.21442,-1.97724,2.71052,2.35046,1.89595
-0.678096,-2.22324,2.11705,-1.60847,-2.46519,0.793134
-0.80295,-2.20916,1.97967,-0.39021,2.32405,1.93881
2.42877,2.22306,-2.11752,1.5379,-2.50109,0.791521
2.30642,2.21442,-1.97724,2.71052,2.35046,1.89595
-0.678096,-2.22324,2.11705,-1.60847,-2.46519,0.793134
-0.80295,-2.20916,1.97967,-0.39021,2.32405,1.93881
2.42519,2.22304,-2.11695,1.53763,-2.50059,0.791217
2.30276,2.2144,-1.97657,2.71094,2.34991,1.89634
-0.681677,-2.22322,2.11648,-1.60871,-2.4647,0.792841
-0.806604,-2.20914,1.97899,-0.389798,2.3235,1.93917
2.42519,2.22304,-2.11695,1.53763,-2.50059,0.791217
2.30276,2.2144,-1.97657,2.71094,2.34991,1.89634
-0.681677,-2.22322,2.11648,-1.60871,-2.4647,0.792841
-0.806604,-2.20914,1.97899,-0.389798,2.3235,1.93917
2.42519,2.22304,-2.11695,1.53763,-2.50059,0.791217
2.30276,2.2144,-1.97657,2.71094,2.34991,1.89634
-0.681677,-2.22322,2.11648,-1.60871,-2.4647,0.792841
-0.806604,-2.20914,1.97899,-0.389798,2.3235,1.93917
2.42178,2.22301,-2.11648,1.53742,-2.50015,0.791003
2.29928,2.21436,-1.97599,2.71133,2.34942,1.89673
-0.685084,-2.22319,2.11601,-1.6089,-2.46428,0.792635
-0.810072,-2.20911,1.97842,-0.389405,2.32302,1.93954
2.42178,2.22301,-2.11648,1.53742,-2.50015,0.791003
2.29928,2.21436,-1.97599,2.71133,2.34942,1.89673
-0.685084,-2.22319,2.11601,-1.6089,-2.46428,0.792635
-0.810072,-2.20911,1.97842,-0.389405,2.32302,1.93954
2.41842,2.22298,-2.11603,1.53724,-2.49973,0.79082
2.29586,2.21433,-1.97545,2.71172,2.34895,1.89712
-0.688446,-2.22316,2.11556,-1.60905,-2.46387,0.792459
-0.81349,-2.20907,1.97787,-0.389014,2.32257,1.93991
2.41842,2.22298,-2.11603,1.53724,-2.49973,0.79082
2.29586,2.21433,-1.97545,2.71172,2.34895,1.89712
-0.688446,-2.22316,2.11556,-1.60905,-2.46387,0.792459
-0.81349,-2.20907,1.97787,-0.389014,2.32257,1.93991
2.41842,2.22298,-2.11603,1.53724,-2.49973,0.79082
2.29586,2.21433,-1.97545,2.71172,2.34895,1.89712
-0.688446,-2.22316,2.11556,-1.60905,-2.46387,0.792459
-0.81349,-2.20907,1.97787,-0.389014,2.32257,1.93991
2.41506,2.22296,-2.11563,1.53705,-2.49936,0.790636
2.29244,2.2143,-1.97496,2.71205,2.34854,1.89744
-0.691803,-2.22314,2.11515,-1.60921,-2.46351,0.792282
-0.816899,-2.20905,1.97739,-0.388692,2.32216,1.94022
2.41506,2.22296,-2.11563,1.53705,-2.49936,0.790636
2.29244,2.2143,-1.97496,2.71205,2.34854,1.89744
-0.691803,-2.22314,2.11515,-1.60921,-2.46351,0.792282
-0.816899,-2.20905,1.97739,-0.388692,2.32216,1.94022
2.41185,2.22294,-2.11531,1.53691,-2.49905,0.790498
2.28919,2.21428,-1.97457,2.71233,2.3482,1.89772
-0.69501,-2.22313,2.11483,-1.60934,-2.46321,0.79215
-0.820148,-2.20903,1.97699,-0.388413,2.32183,1.94049
2.41185,2.22294,-2.11531,1.53691,-2.49905,0.790498
2.28919,2.21428,-1.97457,2.71233,2.3482,1.89772
-0.69501,-2.22313,2.11483,-1.60934,-2.46321,0.79215
-0.820148,-2.20903,1.97699,-0.388413,2.32183,1.94049
2.41185,2.22294,-2.11531,1.53691,-2.49905,0.790498
2.28919,2.21428,-1.97457,2.71233,2.3482,1.89772
-0.69501,-2.22313,2.11483,-1.60934,-2.46321,0.79215
-0.820148,-2.20903,1.97699,-0.388413,2.32183,1.94049
2.40877,2.22292,-2.11503,1.5368,-2.49877,0.790409
2.28607,2.21426,-1.97422,2.7126,2.34788,1.89802
-0.698085,-2.2231,2.11455,-1.60944,-2.46294,0.792064
-0.82326,-2.209,1.97664,-0.388137,2.32152,1.94077
2.40877,2.22292,-2.11503,1.5368,-2.49877,0.790409
2.28607,2.21426,-1.97422,2.7126,2.34788,1.89802
-0.698085,-2.2231,2.11455,-1.60944,-2.46294,0.792064
-0.82326,-2.209,1.97664,-0.388137,2.32152,1.94077
